name,minutes,xg,goals,xa,assists
aaron hickey,679.0,0.44,0.0,0.17,0.0
aaron ramsdale,1003.0,0.0,0.0,0.0,0.0
aaron wan-bissaka,2080.0,0.0,0.0,1.0,3.0
abdukodir khusanov,1427.0,0.65,0.0,1.21,0.0
adam armstrong,1141.0,2.77,2.0,0.85,2.0
adam smith,1073.0,0.0,0.0,0.23,2.0
adam wharton,2552.0,1.52,1.0,7.47,6.0
adama traore diarra,376.0,0.69,0.0,0.57,0.0
adrien truffert,3378.0,1.35,1.0,3.07,6.0
alejandro garnacho ferreyra,1261.0,3.44,1.0,3.68,4.0
alex iwobi,2420.0,1.91,4.0,4.7,3.0
alex jimenez sanchez,2315.0,1.09,1.0,1.73,2.0
alex murphy,7.0,0.0,0.0,0.0,0.0
alex scott,2848.0,3.8,3.0,2.94,2.0
alex toth,135.0,0.11,0.0,0.33,0.0
alexander isak,694.0,2.59,3.0,0.08,1.0
alexis mac allister,2654.0,3.89,2.0,1.69,5.0
alisson becker,2340.0,0.0,0.0,0.03,0.0
alphonse areola,1800.0,0.0,0.0,0.0,1.0
altay bayndr,540.0,0.0,0.0,0.05,0.0
alysson edward franco da rocha dos santos,47.0,0.05,0.0,0.05,0.0
amad diallo,2339.0,5.46,2.0,4.74,5.0
amadou onana,1755.0,1.68,2.0,0.69,0.0
amine adli,1074.0,2.6,3.0,1.62,2.0
andre trindade da costa neto,2760.0,0.52,1.0,0.99,0.0
andres garcia,83.0,0.0,0.0,0.01,0.0
andrew robertson,1165.0,1.1,1.0,1.4,0.0
andrey nascimento dos santos,1247.0,2.0,1.0,0.88,0.0
andy irving,156.0,0.0,0.0,0.17,0.0
angel gomes,457.0,0.25,0.0,0.28,0.0
angus gunn,45.0,0.0,0.0,0.0,0.0
anthony elanga,1302.0,1.65,0.0,1.74,1.0
anthony gordon,1798.0,8.77,6.0,3.38,4.0
antoine semenyo,3200.0,11.1,17.0,3.12,6.0
anton stach,2369.0,2.88,5.0,4.47,6.0
antonee robinson,1487.0,1.07,1.0,1.58,0.0
antoni milambo,45.0,0.0,0.0,0.01,0.0
antonin kinsky,630.0,0.0,0.0,0.0,0.0
archie gray,1471.0,1.5,2.0,1.29,2.0
armando broja,843.0,2.14,1.0,0.22,1.0
arnaud kalimuendo,89.0,0.44,0.0,0.02,0.0
arthur masuaku,125.0,0.07,0.0,0.08,0.0
ashley barnes,40.0,0.25,0.0,0.04,0.0
axel disasi,1254.0,1.1,0.0,0.03,0.0
axel tuanzebe,1201.0,0.61,1.0,0.12,0.0
ayden heaven,920.0,0.34,0.0,0.18,1.0
bafode diakite,1275.0,0.02,0.0,0.19,0.0
bart verbruggen,3420.0,0.0,0.0,0.06,0.0
bashir humphreys,1574.0,0.42,0.0,0.68,2.0
ben davies,136.0,0.49,1.0,0.07,0.0
ben gannon-doak,105.0,0.26,0.0,0.13,1.0
ben winterburn,6.0,0.0,0.0,0.0,0.0
bendito mantato,15.0,0.0,0.0,0.01,0.0
benjamin sesko,1630.0,9.21,11.0,0.28,2.0
benjamin white,699.0,0.45,0.0,0.69,1.0
benoit badiashile mukinayi,470.0,0.0,0.0,0.06,0.0
bernardo mota veiga de carvalho e silva,2869.0,2.71,2.0,4.11,4.0
bernd leno,3420.0,0.0,0.0,0.02,0.0
bertrand traore,634.0,0.48,1.0,0.25,1.0
borna sosa,99.0,0.04,0.0,0.07,0.0
boubacar kamara,1410.0,0.53,1.0,0.84,3.0
bradley burrowes,16.0,0.0,0.0,0.0,0.0
brajan gruda,708.0,1.86,1.0,0.88,1.0
brenden aaronson,2449.0,4.53,4.0,3.6,8.0
brennan johnson,1710.0,2.45,2.0,1.31,1.0
brian brobbey,1920.0,6.02,7.0,0.67,2.0
bruno borges fernandes,3065.0,10.79,9.0,12.28,24.0
bruno guimaraes rodriguez moura,2456.0,5.59,9.0,4.96,7.0
bryan mbeumo,2611.0,11.98,11.0,4.99,3.0
bukayo saka,2218.0,7.57,7.0,7.16,10.0
callum hudson-odoi,1838.0,2.77,3.0,3.02,4.0
callum marshall,58.0,0.13,0.0,0.0,0.0
callum olusesi,14.0,0.0,0.0,0.01,0.0
callum wilson,1234.0,7.6,7.0,0.54,2.0
calvin bassey,2532.0,1.71,1.0,0.35,1.0
caoimhin kelleher,3330.0,0.0,0.0,0.22,0.0
carlos alcaraz duran,679.0,1.17,0.0,0.54,1.0
carlos baleba,1646.0,0.78,0.0,0.72,0.0
carlos henrique casimiro,2575.0,5.44,9.0,3.17,4.0
chadi riad dnanou,550.0,0.33,0.0,0.13,1.0
charalampos kostoulas,351.0,2.12,2.0,0.54,1.0
chemsdine talbi,1553.0,2.13,4.0,1.18,2.0
chris richards,2825.0,2.42,1.0,1.56,0.0
chris rigg,758.0,0.86,1.0,0.93,1.0
chris wood,896.0,4.29,3.0,0.32,0.0
christantus uche,159.0,0.49,0.0,0.01,1.0
christian nrgaard,101.0,0.08,0.0,0.04,0.0
cody gakpo,2736.0,8.35,7.0,4.67,5.0
cole palmer,1954.0,10.55,10.0,2.49,2.0
conor bradley,928.0,0.18,0.0,0.84,2.0
conor gallagher,1183.0,1.23,1.0,0.7,1.0
cristhian mosquera,986.0,0.1,0.0,0.63,0.0
cristian romero,1869.0,1.39,4.0,1.25,1.0
crysencio summerville,2470.0,5.43,5.0,3.35,4.0
curtis jones,1923.0,2.21,1.0,2.77,3.0
daichi kamada,1899.0,1.64,0.0,3.24,2.0
dan burn,2195.0,1.08,1.0,0.36,3.0
dan ndoye,1167.0,1.05,1.0,1.51,2.0
dan neil,13.0,0.0,0.0,0.0,0.0
dane scarlett,7.0,0.0,0.0,0.01,0.0
dango ouattara,2271.0,7.94,7.0,4.12,8.0
daniel ballard,2144.0,2.46,2.0,0.63,2.0
daniel bentley,270.0,0.0,0.0,0.0,0.0
daniel james,547.0,0.91,0.0,0.71,0.0
daniel munoz mejia,2400.0,2.45,4.0,3.94,4.0
danny welbeck,2249.0,12.36,13.0,1.4,1.0
dario luis essugo,26.0,0.0,0.0,0.01,0.0
david brooks,1188.0,5.81,1.0,3.4,3.0
david mller wolfe,1042.0,0.13,0.0,1.09,2.0
david raya martin,3330.0,0.0,0.0,0.07,0.0
dean henderson,3330.0,0.0,0.0,0.11,0.0
declan rice,3093.0,3.15,4.0,7.32,9.0
dennis cirkin,319.0,0.08,0.0,0.02,0.0
destiny udogie,1335.0,0.18,0.0,0.72,1.0
diego coppola,193.0,0.0,0.0,0.01,0.0
diego gomez amarilla,2117.0,6.24,5.0,1.72,1.0
dilane bakwa,549.0,0.54,0.0,1.01,2.0
diogo dalot teixeira,2609.0,1.93,1.0,2.57,6.0
divine mukasa,25.0,0.0,0.0,0.21,0.0
djed spence,2049.0,0.9,0.0,1.77,0.0
djiamgone jocelin ta bi,38.0,0.0,0.0,0.04,0.0
dominic calvert-lewin,2721.0,15.57,14.0,1.06,2.0
dominic solanke-mitchell,997.0,2.97,3.0,0.34,0.0
dominik szoboszlai,3232.0,4.76,6.0,6.83,7.0
donyell malen,640.0,4.03,4.0,0.35,2.0
douglas luiz soares de paulo,913.0,0.53,1.0,1.42,1.0
dwight mcneil,1161.0,1.37,0.0,1.91,3.0
eberechi eze,1885.0,5.18,7.0,2.66,3.0
eddie nketiah,414.0,1.77,2.0,0.46,0.0
el hadji malick diouf,2706.0,0.57,0.0,2.51,6.0
eliezer mayenda dossou,751.0,2.13,2.0,0.22,0.0
elliot anderson,3332.0,2.94,4.0,4.79,5.0
emil krafth,45.0,0.0,0.0,0.0,0.0
emile smith rowe,1909.0,4.71,3.0,1.12,1.0
emiliano buendia stati,1753.0,3.38,6.0,2.23,2.0
emiliano martinez romero,2835.0,0.0,0.0,0.08,1.0
emmanuel agbadou,1100.0,0.57,0.0,0.4,0.0
endo wataru,170.0,0.04,0.0,0.05,1.0
enes unal,214.0,2.0,1.0,0.07,0.0
enzo fernandez,3114.0,11.26,10.0,7.26,5.0
enzo le fee,2930.0,5.22,5.0,5.95,6.0
erling haaland,2953.0,25.5,27.0,2.67,8.0
estevao almeida de oliveira goncalves,839.0,2.91,2.0,2.14,5.0
ethan ampadu,3119.0,2.47,1.0,2.2,4.0
ethan nwaneri,165.0,0.23,0.0,0.08,0.0
ethan pinnock,318.0,0.01,0.0,0.06,0.0
evann guessand,909.0,1.56,1.0,0.85,3.0
ezra mayers,113.0,0.12,0.0,0.49,0.0
ezri konsa ngoyo,3035.0,1.27,0.0,0.59,1.0
fabian schar,1089.0,0.97,0.0,0.6,0.0
fabio freitas gouveia carvalho,100.0,0.7,1.0,0.03,0.0
facundo buonanotte,81.0,0.06,0.0,0.28,0.0
federico chiesa,317.0,1.45,2.0,0.61,1.0
felipe rodrigues da silva,1340.0,1.32,1.0,0.15,0.0
fer lopez gonzalez,228.0,0.16,0.0,0.61,1.0
ferdi kadoglu,3130.0,2.06,1.0,3.31,2.0
filip jorgensen,378.0,0.0,0.0,0.0,0.0
florentino ibrain morris luis,2100.0,0.64,0.0,0.52,2.0
florian wirtz,2374.0,6.83,5.0,5.14,4.0
francisco evanilson de lima barbosa,2741.0,10.64,6.0,1.48,7.0
frank onyeka,88.0,0.0,0.0,0.36,2.0
freddie potts,1162.0,0.21,0.0,1.06,1.0
freddie woodman,212.0,0.0,0.0,0.0,0.0
gabriel dos santos magalhaes,2750.0,2.94,3.0,1.75,5.0
gabriel fernando de jesus,418.0,2.71,3.0,0.26,0.0
gabriel gudmundsson,2637.0,1.1,0.0,2.89,0.0
gabriel martinelli silva,1065.0,4.12,1.0,1.27,5.0
george earthy,8.0,0.0,0.0,0.01,0.0
george hemmings,25.0,0.04,0.0,0.01,0.0
georginio rutter,1776.0,2.9,3.0,2.9,5.0
gianluigi donnarumma,3060.0,0.0,0.0,0.13,0.0
giorgi mamardashvili,867.0,0.0,0.0,0.0,0.0
granit xhaka,2901.0,1.01,1.0,3.73,6.0
guglielmo vicario,2790.0,0.0,0.0,0.04,0.0
guido rodriguez,175.0,0.03,0.0,0.04,0.0
habib diarra,1403.0,3.27,2.0,0.85,6.0
hakon rafn valdimarsson,90.0,0.0,0.0,0.0,0.0
hamed traore,16.0,0.0,0.0,0.0,1.0
hannibal mejbri,1219.0,0.91,1.0,2.08,5.0
harrison armstrong,524.0,0.79,0.0,0.22,0.0
harrison reed,89.0,0.13,1.0,0.45,0.0
harry howell,92.0,0.0,0.0,0.03,0.0
harry maguire,1649.0,1.12,1.0,0.5,2.0
harry wilson,2674.0,5.88,10.0,4.77,9.0
harvey barnes,1951.0,6.84,7.0,2.72,1.0
harvey elliott,110.0,0.29,0.0,0.08,0.0
hjalmar ekdal,1539.0,0.25,0.0,0.32,0.0
hugo bueno lopez,2359.0,0.86,1.0,3.49,3.0
hugo ekitike,1797.0,10.1,11.0,2.45,4.0
hwang hee-chan,1439.0,2.37,2.0,1.57,2.0
ian maatsen,1590.0,1.26,0.0,2.39,1.0
ibrahim sangare,2073.0,1.16,2.0,1.8,2.0
ibrahima konate,3090.0,1.19,1.0,0.98,0.0
idrissa gana gueye,2094.0,1.99,2.0,1.84,3.0
igor jesus maciel da cruz,2293.0,6.48,6.0,1.26,6.0
igor julio dos santos de paulo,103.0,0.0,0.0,0.0,0.0
igor thiago nascimento rodrigues,3282.0,20.6,22.0,1.83,1.0
ilia gruev,1318.0,0.49,0.0,0.86,4.0
iliman ndiaye,2781.0,6.68,6.0,4.41,3.0
ismaila sarr,2173.0,10.93,9.0,1.17,2.0
issa diop,812.0,0.8,1.0,0.05,0.0
jack fletcher,107.0,0.03,0.0,0.02,0.0
jack grealish,1627.0,2.05,2.0,3.37,6.0
jack harrison,262.0,0.28,0.0,0.23,0.0
jack hinshelwood,1736.0,4.94,4.0,2.34,5.0
jackson tchatchoua,1834.0,0.33,0.0,1.6,1.0
jacob bruun larsen,1014.0,1.37,0.0,1.16,1.0
jacob murphy,1606.0,3.07,3.0,2.66,2.0
jacob ramsey,1441.0,1.2,2.0,1.45,3.0
jadon sancho,863.0,0.61,0.0,1.87,2.0
jaidon anthony,2717.0,5.11,8.0,2.85,4.0
jair paula da cunha filho,514.0,0.27,0.0,0.06,0.0
jaka bijol,1888.0,0.9,1.0,0.75,3.0
jake o'brien,3118.0,1.67,1.0,1.0,3.0
jamaal lascelles,19.0,0.04,0.0,0.0,0.0
jamaldeen jimoh-aloba,8.0,0.0,0.0,0.0,0.0
james garner,3413.0,2.1,2.0,6.18,7.0
james hill,2102.0,0.89,0.0,1.16,3.0
james justin,1893.0,1.83,2.0,1.16,1.0
james maddison,34.0,0.21,0.0,0.06,0.0
james mcatee,288.0,0.18,0.0,0.37,1.0
james milner,772.0,1.03,1.0,0.66,1.0
james rowswell,1.0,0.0,0.0,0.0,0.0
james tarkowski,3330.0,2.53,2.0,2.1,3.0
james trafford,360.0,0.0,0.0,0.0,0.0
james ward-prowse,1092.0,0.24,0.0,1.87,1.0
jamie bynoe-gittens,486.0,0.81,0.0,0.94,2.0
jan paul van hecke,3210.0,3.31,3.0,1.57,3.0
jarrad branthwaite,678.0,0.34,1.0,0.11,1.0
jarrod bowen,3406.0,7.22,9.0,5.21,13.0
jaydee canvot,1331.0,1.48,0.0,0.33,0.0
jayden bogle,2795.0,2.08,1.0,3.11,5.0
jaydon banel,9.0,0.0,0.0,0.0,0.0
jean-clair todibo,1817.0,0.25,0.0,0.32,1.0
jean-philippe mateta,2210.0,14.42,12.0,1.32,0.0
jean-ricner bellegarde,1239.0,1.04,1.0,1.06,1.0
jefferson lerma solis,1722.0,1.84,0.0,1.48,5.0
jenson seelt,133.0,0.0,0.0,0.01,0.0
jeremie frimpong,1032.0,0.5,0.0,1.55,5.0
jeremy doku,1773.0,2.87,5.0,5.86,8.0
jerome abbey,16.0,0.0,0.0,0.0,0.0
jesse derry,45.0,0.1,0.0,0.02,0.0
jhon arias,1117.0,3.38,1.0,0.62,0.0
joachim andersen,2882.0,1.43,0.0,1.83,1.0
joao maria lobo alves palhares costa palhinha goncalves,2192.0,2.72,5.0,0.65,3.0
joao pedro ferreira da silva,11.0,0.0,0.0,0.0,0.0
joao pedro junqueira de jesus,2658.0,14.91,15.0,1.96,9.0
joao victor de souza menezes,142.0,0.02,0.0,0.03,0.0
joao victor gomes da silva,2829.0,1.29,1.0,2.09,2.0
joe gomez,594.0,0.28,0.0,0.64,2.0
joe knight,1.0,0.0,0.0,0.0,0.0
joe rodon,2952.0,1.4,2.0,0.56,0.0
joe willock,972.0,1.26,0.0,1.07,2.0
joe worrall,496.0,0.08,0.0,0.02,0.0
joel drakes-thomas,7.0,0.0,0.0,0.0,0.0
joel piroe,244.0,0.9,0.0,0.13,0.0
joel veltman,1047.0,1.15,1.0,0.2,0.0
joelinton cassio apolinario de lira,1950.0,2.36,2.0,1.35,1.0
john mcginn,2136.0,3.0,5.0,4.11,4.0
john stones,436.0,0.0,0.0,0.09,0.0
john victor maciel furtado,437.0,0.0,0.0,0.0,0.0
jonah kusi-asare,49.0,0.0,0.0,0.07,0.0
jordan henderson,1911.0,0.33,1.0,2.31,3.0
jordan pickford,3420.0,0.0,0.0,0.2,0.0
jorge cuenca barreno,935.0,0.05,0.0,0.53,0.0
jorrel hato,1139.0,0.3,0.0,0.61,0.0
jose malheiro de sa,2070.0,0.0,0.0,0.04,0.0
josh acheampong,657.0,0.62,1.0,0.13,0.0
josh cullen,1513.0,0.94,2.0,1.36,2.0
josh dasilva,2.0,0.08,0.0,0.0,0.0
josh king,1290.0,2.47,1.0,0.66,3.0
josh laurent,1752.0,0.87,1.0,0.48,0.0
joshua zirkzee,607.0,2.74,2.0,0.34,1.0
josko gvardiol,1370.0,2.25,2.0,0.7,2.0
jrgen strand larsen,2301.0,5.3,4.0,1.12,1.0
julio soler barreto,34.0,0.0,0.0,0.0,0.0
jun'ai byfield,1.0,0.0,0.0,0.0,0.0
junior kroupi,1826.0,9.87,17.0,1.58,0.0
jurrien timber,2452.0,4.71,3.0,1.53,6.0
justin devenny,785.0,2.38,1.0,0.39,0.0
justin kluivert,945.0,2.31,2.0,1.55,0.0
kaden rodney,3.0,0.0,0.0,0.0,0.0
kai havertz,577.0,3.31,2.0,0.64,3.0
karl darlow,1980.0,0.0,0.0,0.05,0.0
kaye furo,1.0,0.0,0.0,0.0,0.0
keane lewis-potter,1960.0,3.01,3.0,2.51,4.0
kenny tete,1791.0,0.92,1.0,1.46,0.0
kepa arrizabalaga revuelta,90.0,0.0,0.0,0.0,0.0
kevin danso,1489.0,0.62,0.0,0.28,0.0
kevin santos lopes de macedo,1030.0,1.21,1.0,1.47,3.0
kevin schade,2744.0,12.08,8.0,2.05,5.0
ki-jana hoever,423.0,0.02,0.0,0.36,0.0
kieran trippier,1586.0,0.08,0.0,2.06,1.0
kiernan dewsbury-hall,2629.0,4.35,8.0,5.34,7.0
kobbie mainoo,1653.0,0.48,1.0,1.27,2.0
konstantinos mavropanos,2532.0,2.47,3.0,0.7,0.0
kristoffer ajer,1805.0,0.69,0.0,0.73,2.0
kyle walker,3095.0,0.15,0.0,1.29,2.0
kyle walker-peters,1378.0,1.13,1.0,0.37,0.0
ladislav krejci,2356.0,2.23,2.0,1.49,2.0
lamare bogarde,1042.0,0.0,0.0,0.2,0.0
leandro trossard,1997.0,5.6,6.0,3.59,6.0
leny yoro,1730.0,1.34,0.0,0.59,1.0
leon bailey,450.0,0.5,0.0,1.46,2.0
lesley ugochukwu,2330.0,2.5,3.0,0.41,3.0
levi samuels colwill,225.0,0.0,0.0,0.12,0.0
lewis cook,872.0,0.07,0.0,0.52,1.0
lewis dunk,2837.0,1.83,1.0,0.56,1.0
lewis hall,2176.0,1.01,1.0,2.78,2.0
lewis miley,1493.0,1.36,1.0,2.1,4.0
liam delap,1092.0,4.54,1.0,0.23,2.0
lisandro martinez,1229.0,0.15,0.0,0.6,0.0
lorenzo lucca,126.0,0.79,1.0,0.01,0.0
loum tchaouna,1259.0,1.27,2.0,0.91,2.0
luca netz,353.0,0.0,0.0,0.41,0.0
lucas bergvall,955.0,1.23,1.0,0.43,3.0
lucas digne,1842.0,0.67,0.0,3.28,7.0
lucas estella perri,1440.0,0.0,0.0,0.0,0.0
lucas pires silva,1405.0,0.6,0.0,1.46,0.0
lucas tolentino coelho de lima,1513.0,2.85,4.0,2.0,2.0
luis guilherme lira dos santos,121.0,0.07,0.0,0.03,0.0
lukas nmecha,1065.0,7.25,6.0,1.58,1.0
luke o'nien,565.0,0.15,0.0,0.13,1.0
luke shaw,3220.0,0.72,1.0,1.98,1.0
lutsharel geertruida,1681.0,0.79,0.0,0.85,0.0
lyle foster,1361.0,3.22,3.0,0.37,2.0
mads hermansen,1620.0,0.0,0.0,0.01,1.0
malick thiaw,2963.0,4.8,4.0,0.96,0.0
malo gusto,2255.0,1.56,2.0,2.97,3.0
mamadou sarr,100.0,0.35,0.0,0.0,0.0
manuel ugarte ribeiro,876.0,0.72,0.0,0.16,0.0
marc cucurella saseta,2706.0,2.34,1.0,3.23,4.0
marc guehi,3150.0,4.05,3.0,2.37,5.0
marc guiu paz,265.0,1.54,0.0,0.29,1.0
marco bizot,585.0,0.0,0.0,0.0,0.0
marcos senesi baron,3288.0,1.53,0.0,4.72,6.0
marcus edwards,1058.0,1.49,1.0,1.84,3.0
marcus tavernier,2732.0,9.06,7.0,4.6,4.0
marshall munetsi,872.0,1.64,1.0,0.38,2.0
martin degaard,1363.0,1.25,1.0,3.65,7.0
martin dubravka,3150.0,0.0,0.0,0.04,0.0
martin zubimendi ibanez,2991.0,2.84,5.0,2.27,1.0
mason mount,1010.0,1.56,3.0,1.62,0.0
mateo kovacic,125.0,0.13,0.0,0.42,1.0
mateus goncalo espanha fernandes,3017.0,1.99,3.0,2.96,4.0
mateus mane,1787.0,2.01,3.0,3.69,2.0
matheus nunes,2861.0,0.34,1.0,2.23,8.0
matheus santos carneiro da cunha,2493.0,6.9,10.0,3.36,4.0
mathias jensen,2239.0,2.21,3.0,6.06,2.0
mathys tel,1334.0,2.47,4.0,2.43,2.0
mats wieffer,1901.0,1.92,2.0,1.86,4.0
matt doherty,786.0,0.09,0.0,0.19,0.0
matt o'riley,202.0,1.21,1.0,0.18,0.0
matthijs de ligt,1170.0,1.38,1.0,0.83,0.0
matty cash,3016.0,1.14,3.0,2.94,3.0
matz sels,2667.0,0.0,0.0,0.06,0.0
max alleyne,135.0,0.26,0.0,0.06,0.0
max dowman,152.0,1.19,1.0,0.3,1.0
max wei,270.0,0.0,0.0,0.0,0.0
maxence lacroix,3085.0,2.45,1.0,0.83,2.0
maxim de cuyper,1404.0,1.66,2.0,4.08,3.0
maxime esteve,2933.0,0.73,0.0,0.59,0.0
maximilian kilman,1559.0,0.56,0.0,0.25,0.0
melker ellborg,270.0,0.0,0.0,0.02,0.0
merlin rohl,675.0,0.67,1.0,0.35,1.0
michael kayode,3258.0,1.28,1.0,2.89,2.0
michael keane,2588.0,2.3,3.0,0.49,1.0
micky van de ven,3041.0,2.82,4.0,0.38,1.0
mike tresor ndayishimiye,37.0,0.0,0.0,0.0,0.0
mikel merino zazon,1024.0,3.36,4.0,1.45,3.0
mikkel damsgaard,2046.0,2.61,4.0,5.43,4.0
milos kerkez,2251.0,1.5,2.0,0.69,1.0
mitoma kaoru,1714.0,4.04,3.0,2.74,1.0
mohamadou kante,67.0,0.07,0.0,0.04,0.0
mohamed salah,2144.0,8.23,7.0,5.44,7.0
mohammed kudus,1535.0,1.92,2.0,2.41,6.0
moises caicedo corozo,2796.0,1.45,3.0,2.38,1.0
morgan gibbs-white,3101.0,10.81,15.0,2.91,4.0
morgan rogers,3280.0,6.84,10.0,4.32,8.0
murillo costa dos santos,2130.0,0.73,1.0,0.47,0.0
myles lewis-skelly,697.0,0.1,0.0,0.2,0.0
myles peart-harris,1.0,0.0,0.0,0.0,0.0
nathan ake,686.0,0.72,0.0,0.53,0.0
nathan collins,2971.0,2.24,1.0,1.71,2.0
nathan patterson,238.0,0.03,0.0,0.04,0.0
nathaniel clyne,592.0,0.43,0.0,0.6,1.0
nayef aguerd,180.0,0.1,0.0,0.03,0.0
neco williams,3203.0,2.01,2.0,3.97,3.0
nehemiah oriola,1.0,0.0,0.0,0.0,0.0
nick pope,2416.0,0.16,0.0,0.0,1.0
nick woltemade,1896.0,6.59,8.0,1.53,4.0
niclas fullkrug,407.0,0.93,0.0,0.21,0.0
nico gonzalez iglesias,1561.0,0.68,1.0,1.12,0.0
nico o'reilly,2643.0,6.12,5.0,2.67,4.0
nicolas dominguez,1168.0,1.47,1.0,0.77,1.0
nicolo savona,1025.0,1.34,2.0,0.45,0.0
nikola milenkovic,3375.0,0.83,0.0,0.68,1.0
nilson angulo,401.0,0.77,0.0,0.12,0.0
noah okafor,1553.0,5.25,8.0,1.32,3.0
noah sadiki,2891.0,1.43,0.0,1.46,2.0
noni madueke,1205.0,1.23,3.0,2.86,1.0
norberto bercique gomes betuncal,1551.0,8.9,9.0,0.23,1.0
nordi mukiele,2784.0,1.62,3.0,2.65,5.0
noussair mazraoui,977.0,0.19,0.0,0.35,0.0
odsonne edouard,2.0,0.0,0.0,0.0,0.0
ola aina,1587.0,0.41,0.0,0.84,2.0
oleksandr zinchenko,352.0,0.07,0.0,0.36,0.0
oliver sonne,164.0,0.55,1.0,0.08,0.0
olivier boscagli,799.0,0.05,0.0,0.47,1.0
ollie scarles,656.0,0.18,0.0,0.32,1.0
ollie watkins,2833.0,15.4,16.0,1.18,4.0
omar alderete,2797.0,1.62,1.0,0.91,1.0
omar marmoush,691.0,2.78,3.0,0.77,3.0
omari hutchinson,1676.0,2.01,1.0,3.87,7.0
ore petrovic,3420.0,0.0,0.0,0.0,0.0
oscar bobb,1030.0,1.47,0.0,2.1,2.0
pablo felipe pereira de jesus,819.0,1.05,0.0,1.11,1.0
pape matar sarr,1388.0,1.63,2.0,1.11,4.0
pascal gro,1636.0,1.39,1.0,3.95,6.0
pascal struijk,2935.0,3.06,0.0,0.76,1.0
patrick dorgu,1440.0,2.39,4.0,1.84,4.0
patrick roberts,27.0,0.03,0.0,0.02,0.0
pau torres,1673.0,1.33,0.0,0.39,2.0
pedro cardoso de lima,257.0,0.35,0.0,0.37,0.0
pedro lomba neto,2629.0,4.59,5.0,6.84,7.0
pedro porro sauceda,2793.0,1.05,1.0,4.37,3.0
phil foden,2078.0,6.03,7.0,4.76,5.0
piero hincapie,1787.0,0.36,1.0,1.67,2.0
quilindschy hartman,1825.0,0.32,0.0,1.98,6.0
radu dragusin,515.0,0.31,0.0,0.01,0.0
randal kolo muani,1655.0,2.07,1.0,1.63,1.0
raul jimenez rodriguez,2183.0,11.58,9.0,0.9,5.0
rayan ait-nouri,971.0,0.53,0.0,2.01,2.0
rayan cherki,1772.0,4.28,4.0,8.87,13.0
rayan vitor simplicio rocha,1110.0,2.67,5.0,1.84,2.0
reece james,1957.0,1.04,2.0,3.2,6.0
reinildo mandava,1966.0,0.13,0.0,0.62,2.0
reiss nelson,118.0,0.71,0.0,0.11,1.0
riccardo calafiori,1697.0,3.36,1.0,0.76,2.0
richarlison de andrade,1954.0,8.64,11.0,1.46,4.0
rico henry,1322.0,0.18,0.0,0.54,2.0
rico lewis,401.0,0.19,0.0,1.39,1.0
rio cardines,90.0,0.02,0.0,0.16,0.0
rio ngumoha,547.0,1.34,2.0,2.01,1.0
robert lynch sanchez,3040.0,0.0,0.0,0.04,1.0
robin roefs,3150.0,0.0,0.0,0.1,0.0
rodrigo 'rodri' hernandez cascante,1510.0,1.15,1.0,2.45,1.0
rodrigo bentancur,1880.0,0.72,1.0,0.84,1.0
rodrigo martins gomes,954.0,2.13,3.0,0.39,0.0
rodrigo muniz carvalho,987.0,3.3,1.0,0.15,1.0
romain esse,40.0,0.0,0.0,0.04,0.0
romaine mundle,399.0,0.87,0.0,0.48,0.0
romelle donovan,38.0,0.09,0.0,0.01,0.0
romeo lavia,374.0,0.21,0.0,0.55,0.0
ross barkley,844.0,1.58,3.0,1.26,2.0
ruben dos santos gato alves dias,2139.0,0.57,2.0,0.65,0.0
ryan christie,978.0,1.81,2.0,0.79,1.0
ryan gravenberch,2991.0,1.89,5.0,2.26,5.0
ryan sessegnon,1816.0,1.6,3.0,1.8,3.0
ryan yates,602.0,0.49,0.0,0.37,2.0
sam byram,8.0,0.0,0.0,0.0,0.0
sam johnstone,1080.0,0.0,0.0,0.02,0.0
samuel chukwueze,1067.0,2.1,3.0,3.36,4.0
sander berge,2904.0,1.54,0.0,1.5,3.0
sandro tonali,2534.0,1.75,0.0,2.87,2.0
santiago ignacio bueno,2552.0,2.28,3.0,1.45,2.0
sasa kalajdzic,14.0,0.0,0.0,0.01,0.0
sasa lukic,1730.0,2.23,1.0,1.91,4.0
savio moreira de oliveira,817.0,2.5,1.0,1.59,2.0
seamus coleman,19.0,0.0,0.0,0.17,0.0
sean longstaff,1003.0,1.23,2.0,1.87,2.0
sean neave,13.0,0.03,0.0,0.0,0.0
sebastiaan bornauw,429.0,0.2,0.0,0.01,0.0
senne lammens,2880.0,0.0,0.0,0.0,0.0
sepp van den berg,2761.0,3.36,0.0,1.45,3.0
shea lacey,40.0,0.1,0.0,0.01,0.0
shumaira mheuka,1.0,0.0,0.0,0.0,0.0
simon adingra,649.0,0.35,1.0,0.62,1.0
solly march,38.0,0.04,0.0,0.02,0.0
soungoutou magassa,971.0,0.44,1.0,0.32,0.0
stefan ortega moreno,270.0,0.0,0.0,0.01,0.0
stefanos tzimas,132.0,0.44,1.0,0.11,1.0
sven botman,1834.0,1.73,1.0,0.86,1.0
taiwo awoniyi,480.0,3.68,4.0,0.77,2.0
tammy abraham,278.0,2.05,2.0,0.36,0.0
tanaka ao,1307.0,1.44,2.0,1.39,1.0
tawanda chirewa,25.0,0.0,0.0,0.0,0.0
thierno barry,1898.0,8.17,8.0,0.44,0.0
tijjani reijnders,1623.0,4.61,5.0,2.35,3.0
tim iroegbunam,1477.0,0.54,0.0,0.71,3.0
timothy castagne,1838.0,1.5,0.0,1.47,2.0
tino livramento,1326.0,0.13,0.0,0.89,1.0
tolu arokodare,1402.0,5.49,3.0,0.39,2.0
tom cairney,756.0,1.21,2.0,0.81,0.0
tom edozie,12.0,0.23,1.0,0.0,0.0
tom watson,57.0,0.04,0.0,0.03,0.0
tomas soucek,2190.0,5.73,5.0,0.52,2.0
tosin adarabioyo,788.0,0.11,0.0,0.4,0.0
toti gomes,1423.0,0.53,0.0,0.29,0.0
trai hume,3032.0,2.27,2.0,2.05,1.0
trevoh chalobah,2780.0,1.44,3.0,1.03,1.0
trey nyoni,21.0,0.37,0.0,0.02,0.0
tyler adams,1769.0,0.63,2.0,0.63,2.0
tyler dibling,349.0,0.2,0.0,0.14,0.0
tyler fletcher,17.0,0.0,0.0,0.01,0.0
tyler fredricson,2.0,0.0,0.0,0.0,0.0
tyrell malacia,15.0,0.0,0.0,0.0,0.0
tyrick mitchell,3253.0,1.59,1.0,2.53,3.0
tyrique george,351.0,0.64,0.0,1.19,0.0
tyrone mings,1322.0,1.3,0.0,0.42,1.0
valentin castellanos,1384.0,5.75,6.0,0.81,1.0
veljko milosavljevic,367.0,0.15,0.0,0.19,0.0
victor lindelof,942.0,0.28,0.0,0.1,1.0
viktor gyokeres,2217.0,12.26,14.0,1.94,1.0
virgil van dijk,3420.0,3.77,6.0,1.44,1.0
vitalii mykolenko,2959.0,0.28,0.0,2.46,1.0
vitaly janelt,1434.0,0.82,1.0,2.27,4.0
walter benitez,90.0,0.0,0.0,0.0,0.0
wesley fofana,1718.0,0.72,0.0,0.6,2.0
wilfried gnonto,521.0,0.4,0.0,0.77,3.0
will hughes,1560.0,1.11,0.0,1.94,1.0
william osula,805.0,4.28,7.0,0.62,1.0
william saliba,2614.0,0.88,1.0,1.21,0.0
wilson isidor,1148.0,4.7,6.0,0.38,1.0
wilson odobert,972.0,1.92,0.0,1.21,2.0
xavi simons,1747.0,3.06,2.0,3.85,5.0
yankuba minteh,2389.0,3.81,3.0,5.06,8.0
yasin ayari,1921.0,2.7,3.0,1.15,4.0
yehor yarmoliuk,2652.0,1.22,1.0,1.39,3.0
yeremy pino santos,2074.0,4.53,2.0,6.12,2.0
yerson mosquera valdelamar,2137.0,2.51,0.0,0.62,0.0
yoane wissa,517.0,3.13,1.0,0.54,1.0
youri tielemans,1857.0,1.14,0.0,3.26,4.0
yves bissouma,600.0,0.36,0.0,0.1,0.0
zach abbott,165.0,0.0,0.0,0.01,0.0
zeki amdouni,69.0,0.24,0.0,0.02,0.0
zian flemming,1764.0,7.94,11.0,0.41,0.0
